parameter,source,atlantic,indian,pacific_e,pacific_w
phi,Thorson et al. 2012,0.188,0.188,0.188,0.188
MSY,Costello et al. 2016,27193862,8403365,26228132,36379045
K,Costello et al. 2016,671196640,157436483,637775868,895598825
r,Costello et al. 2016,0.101293343412445,0.133446638598915,0.102815612926981,0.101554125233469
epsilon,Costello et al. 2016,-1.15,-1.15,-1.15,-1.15
beta,Costello et al. 2016,1.3,1.3,1.3,1.3
p0,Calculated,1357.02947134868,1066.93374325918,1835.99380657066,1340.20703646405
eta,Costello et al. 2016,0.1,0.1,0.1,0.1
